INSERT INTO `CustomerAccount` (username, password, DOB, gender, email, fName, lName, phone)
VALUES
('kschlaak1', 'secret', '1996-09-21', 'm',  'kschlaak1@email.com', 'Kemper', 'Schlaak', '123-456-7890'),
('wpark5', 'password', '1995-03-04', 'm', 'wpark51@email.com', 'Woo', 'Park', '782-616-7874'),
('fvelasco1', 'test', '1997-10-13', 'm', 'fvalacvo1@email.com', 'Freddy', 'Velasco', '421-654-0231'),
('wsanders7', 'rueben', '1997-01-23', 'f', 'wdanielle23@email.com', 'Whitney', 'Sanders', '145-669-8214'),
('sparker2', 'spider', '2000-12-01', 'f', 'sparker2@email.com', 'Sarah', 'Parker', '304-229-3090'),
('demure', 'mYHeVfDe', '1971-03-17', 'm',  'demure@email.com', 'Zahra', 'Pollard', '321-862-9655'),
('slip', '4yCczN6J', '1971-03-17', 'f',  'slip@email.com', 'Lucie', 'Bradley', '567-456-9545'),
('elcomase', 'EFujAG8a', '1973-01-25', 'f',  'elcomase@email.com', 'Eloise', 'Hayden', '375-124-9586'),
('opichile', 'PkXpwcpB', '1977-08-07', 'f',  'opichile@email.com', 'Paula', 'Fitzpatrick', '181-453-8745'),
('solmanta', 'DdUUfTGY', '1977-10-21', 'f',  'solmanta@email.com', 'Marie', 'Holmes', '153-534-2415'),
('ogrusber', 'VnvvKZyj', '1977-11-05', 'f',  'ogrusber@email.com', 'Arabella', 'Andersen', '453-456-6523'),
('uncerbri', 'wC9JsjFW', '1977-11-30', 'f',  'uncerbri@email.com', 'Rachael', 'Burton', '371-786-3452'),
('tindaidg', 'aMPq9KtzN', '1979-04-23', 'f',  'tindaidg@email.com', 'Daisy', 'Valentine', '205-867-4358'),
('rdeblorg', '9ExEMvPH3', '1979-12-11', 'm',  'rdeblorg@email.com', 'Kermit', 'Rowe', '875-123-5312'),
('nsomphow', 'kytHp66uW', '1981-01-15', 'm',  'nsomphow@email.com', 'Israel', 'Liu', '453-312-5462'),
('tairezel', 'YrDwSH9SN4', '1981-05-14', 'm',  'tairezel@email.com', 'Son', 'Knapp', '123-456-3215'),
('rgusiver', 'NkTpnv7kdp', '1987-04-18', 'm',  'rgusiver@email.com', 'Russell', 'Rios', '546-654-6569'),
('ruiscalo', 'r5DxGmcd9g', '1988-01-08', 'm',  'ruiscalo@email.com', 'Triston', 'Floyd', '865-789-3512'),
('inuticio', 'zvAeYknaAA', '1993-08-27', 'f',  'inuticio@email.com', 'Penelope', 'Hendricks', '356-456-4531'),
('andianga', '9kZF3P3vu7', '1997-02-16', 'm',  'andianga@email.com', 'Beckham', 'Vang', '157-213-7865'),
('rchrelue', 'tHgd2aSUPg', '1997-08-15', 'f',  'rchrelue@email.com', 'Ali', 'Burnett', '722-564-1025'),
('nericabi', 'wVq4YpZRXm', '2002-01-10', 'm',  'nericabi@email.com', 'Terrence', 'Suarez', '645-789-3125'),
('eliteros', 'PgexHtqa7U', '2004-04-28', 'f',  'eliteros@email.com', 'Jasmin', 'Santana', '706-466-7864'),
('iretraft', '6AwpVrXH92', '1960-04-25', 'f',  'iretraft@email.com', 'Julissa', 'Freeman', '907-456-1235'),
('usalphom', 'xE332qwk96', '1961-04-20', 'm',  'usalphom@email.com', 'Andy', 'Wilkerson', '650-123-3654'),
('aliverwe', 'mJ5fx8pDE4', '1961-05-03', 'm',  'aliverwe@email.com', 'Jordin', 'Hickman', '404-786-1535'),
('hentiout', 'jBCKqmTwcZ', '1962-11-20', 'm',  'hentiout@email.com', 'Korbin', 'Ochoa', '378-572-7534'),
('hinsicke', 'ZWzyMAnRxc', '1967-05-10', 'f',  'hinsicke@email.com', 'Kendal', 'Benton', '450-838-7835'),
('rtsemind', 'gDevepdMep', '1967-07-30', 'm',  'rtsemind@email.com', 'Nikhil', 'Schwartz', '305-741-4385'),
('browenal', '3ZxcAkAXmU', '1968-10-11', 'm',  'browenal@email.com', 'Brian', 'Pearson', '205-285-3796'),
('steritab', 'fQgMTKcxf3', '1969-10-14', 'f',  'steritab@email.com', 'Jamison', 'Newton', '230-963-3784'),
('icniumen', 'rJrTUxqMVduv', '1970-04-22', 'm',  'icniumen@email.com', 'Akira', 'Chang', '123-375-4512'),
('tropolyp', 'TkYX9scwhxnn', '1978-12-22', 'f',  'tropolyp@email.com', 'Hailey', 'Neal', '645-915-3642'),
('ultincom', 'KcTrzgS4fyk8', '1979-07-21', 'f',  'ultincom@email.com', 'Aedan', 'Farley', '14523-852-4521'),
('andarted', 'uKfyBa4wb8eQ', '1980-01-02', 'm',  'andarted@email.com', 'Zachariah', 'Ware', '786-456-2547'),
('inornefa', 'unUxTZV89GCr', '1980-04-26', 'f',  'inornefa@email.com', 'Makayla', 'Walls', '786-573-8634'),
('eiscarne', 'b8EGZzSMGSzS', '1981-03-23', 'f',  'eiscarne@email.com', 'Miya', 'Brock', '531-519-7890'),
('ranerspe', 'JUaZyVNevYv8', '1984-04-02', 'm',  'ranerspe@email.com', 'Zackary', 'Cruz', '573-456-3455'),
('inarconj', 'pwBQagk6XqWq', '1985-03-16', 'm',  'inarconj@email.com', 'Lorenzo', 'Sampson', '543-543-5431'),
('mackylau', 'StVtFGVKJmd3', '1986-04-25', 'm',  'mackylau@email.com', 'Logan', 'Hester', '786-521-7511'),
('romalong', 'eWRB8pFwDuVt', '1987-04-29', 'm',  'romalong@email.com', 'Alonzo', 'Hernandez', '986-456-7858'),
('onatempl', 'NMepcMbNhcCB', '1999-06-29', 'f',  'onatempl@email.com', 'Isabel', 'Horn', '456-362-7890'),
('efloustr', 'vsVM9MeNUAT3', '1993-02-26', 'f',  'efloustr@email.com', 'Jessie', 'Rangel', '654-874-4324'),
('spandyad', 'aF5Fa62FwU77', '1992-03-19', 'f',  'spandyad@email.com', 'Juliet', 'Fox', '785-145-9655'),
('venhaphe', 'NcJKbDQcSAE', '1995-04-19', 'f',  'venhaphe@email.com', 'Emmy', 'Reilly', '546-256-6589'),
('liversdr', 'RmbZ43wDQab', '1989-09-05', 'f',  'liversdr@email.com', 'Yasmine', 'Jarvis', '753-578-5478'),
('thimblim', 'MqUuw3NE9cn', '1977-04-29', 'm',  'thimblim@email.com', 'Jimmy', 'Ramos', '862-711-5412'),
('chagenth', 'wyEGR3zjZaW', '2000-11-29', 'f',  'chagenth@email.com', 'Lawrence', 'Riddle', '524-456-3526'),
('isceudia', 'FsjWUnaEKun', '2000-02-26', 'f',  'isceudia@email.com', 'Krista', 'Graves', '648-123-5829'),
('ncermori', 'xVYUyHpU8q7', '1992-12-19', 'm',  'ncermori@email.com', 'Immanuel', 'Gentry', '453-783-4718');

INSERT INTO `Payment` (cardNumber, cardName, expDate, CVN, payUsername, cardType)
VALUES
('1234123412341234', 'Kemper Schlaak', '2020-08-01', 123, 'kschlaak1', 'Visa'),
('3597645213259960', 'Woo Park', '2026-10-09', 339, 'wpark5', 'MasterCard'),
('1120556022017850', 'Freddy Velasco', '2022-08-08', 745, 'fvelasco1', 'American Express'),
('4405686098735542', 'Whitney Sanders', '2021-05-30', 476, 'wsanders7', 'American Express'),
('4568865412355321', 'Sarah Parker', '2020-012-24', 987, 'sparker2', 'Visa'),
('3556116034720249', 'Zahra Pollard', '2020-08-01', 639, 'demure', 'Visa'),
('7375031818144227', 'Lucie Bradley', '2026-10-09', 852, 'slip', 'MasterCard'),
('6211494133600995', 'Eloise Hayden', '2022-08-08', 174, 'elcomase', 'Visa'),
('8173308276952544', 'Paula Fitzpatrick', '2021-05-30', 321, 'opichile', 'MasterCard'),
('5894259212298377', 'Marie Holmes', '2020-012-24', 645, 'solmanta', 'MasterCard'),
('4616743678656876', 'Arabella Andersen', '2020-08-01', 089, 'ogrusber', 'Visa'),
('7573648277546174', 'Rachael Burton', '2026-10-09', 573, 'uncerbri', 'MasterCard'),
('4394612314227102', 'Daisy Valentine', '2022-08-08', 542, 'tindaidg', 'Visa'),
('4788442535121293', 'Kurmit Rowe', '2021-05-30', 543, 'rdeblorg', 'Visa'),
('5881209936452502', 'Israel Liu', '2020-012-24', 586, 'nsomphow', 'Visa'),
('7624010570138794', 'Son Knapp', '2020-08-01', 986, 'tairezel', 'American Express'),
('2103102058392200', 'Russell Rios', '2026-10-09', 245, 'rgusiver', 'MasterCard'),
('6173429648358700', 'Triston Floyd', '2022-08-08', 513, 'ruiscalo', 'MasterCard'),
('4219425374884034', 'Penelope Hendricks', '2021-05-30', 874, 'inuticio', 'Visa'),
('7304671268019342', 'Beckham Vang', '2020-012-24', 445, 'andianga', 'American Express'),
('7395475357260415', 'Ali Burnett', '2020-08-01', 555, 'rchrelue', 'MasterCard'),
('8451058781157907', 'Terrence Suarez', '2026-10-09', 348, 'nericabi', 'Visa'),
('4726221570367521', 'Jasmin Santana', '2022-08-08', 453, 'eliteros', 'American Express'),
('3061215439879026', 'Julissa Freeman', '2021-05-30', 734, 'iretraft', 'Visa'),
('1522223918207664', 'Andy Wilkerson', '2020-012-24', 503, 'usalphom', 'American Express'),
('2078331421010717', 'Jordin Hickman', '2020-08-01', 327, 'aliverwe', 'American Express'),
('6438195653854081', 'Korbin Ochoa', '2026-10-09', 917, 'hentiout', 'American Express'),
('9585614130249964', 'Kendal Benton', '2022-08-08', 315, 'hinsicke', 'Visa'),
('7795856148921247', 'Nikhil Schwartz', '2021-05-30', 471, 'rtsemind', 'Visa'),
('8797468264224616', 'Brian Pearson', '2020-012-24', 582, 'browenal', 'American Express'),
('5586167397776071', 'Jamison Newton', '2020-08-01', 699, 'steritab', 'Visa'),
('9683012893713660', 'Akira Chang', '2026-10-09', 573, 'icniumen', 'MasterCard'),
('5595188019720322', 'Hailey Neal', '2022-08-08', 911, 'tropolyp', 'American Express'),
('9728032669966272', 'Aedan Farley', '2021-05-30', 453, 'ultincom', 'MasterCard'),
('6266457429700787', 'Zachariah Ware', '2020-012-24', 783, 'andarted', 'Visa'),
('1334475856701476', 'Makayla Walls', '2020-08-01', 345, 'inornefa', 'Visa'),
('3602311991831630', 'Miya Brock', '2026-10-09', 159, 'eiscarne', 'Visa'),
('8448234830903100', 'Zackary Cruz', '2022-08-08', 549, 'ranerspe', 'MasterCard'),
('9078291803896792', 'Lorenzo Sampson', '2021-05-30', 427, 'inarconj', 'American Express'),
('7581508272159150', 'Logan Hester', '2020-012-24', 538, 'mackylau', 'MasterCard'),
('8545036618872857', 'Alonzo Hernandez', '2020-08-01', 296, 'romalong', 'Visa'),
('5051948464814377', 'Isabel Horn', '2026-10-09', 185, 'onatempl', 'MasterCard'),
('2826516857523068', 'Jessie Rangel', '2022-08-08', 216, 'efloustr', 'American Express'),
('5712725720007964', 'Juliet Fox', '2021-05-30', 959, 'spandyad', 'Visa'),
('3614449027505791', 'Emmy Reilly', '2020-012-24', 849, 'venhaphe', 'American Express'),
('9091024206844012', 'Yasmine Jarvis', '2020-08-01', 115, 'liversdr', 'MasterCard'),
('7038347962155525', 'Jimmy Ramos', '2026-10-09', 435, 'thimblim', 'MasterCard'),
('6314615495365970', 'Lawrence Riddle', '2022-08-08', 730, 'chagenth', 'Visa'),
('5012512222049681', 'Krista Graves', '2021-05-30', 505, 'isceudia', 'American Express'),
('2449324898546086', 'Immanuel Gentry', '2020-012-24', 035, 'ncermori', 'Visa');

INSERT INTO `Returns` (RRN, returnDate, returnReason, returnItem, retUsername)
VALUES 
(202020, '2020-04-22', 'did not like it', 'pants', 'kschlaak1'),
(202122, '2020-04-12', 'too small', 'shoes', 'wpark5');

INSERT INTO `Items` (serialNumber, price, brand, itemQuantity, stockDate, inventoryID, sessionID)
VALUES 
(0001, 20.99, 'Kirkland', 500, '2020-03-29', 3552, 46401),
(0785, 20.99, 'Adidas', 708, '2020-01-01', 3552, 46401),
(0896, 20.99, 'Patagonia', 500, '2020-03-29', 3552, 46401),
(0754, 11.99, 'Champion', 2003, '2020-01-15', 3552, 46401),
(0687, 24.99, 'Nike', 115, '2020-02-29', 3552, 46401),

(9120, 11.99, 'Champion', 2003, '2020-01-15', 3552, 46401),
(9050, 24.99, 'Nike', 115, '2020-02-29', 3552, 46401),
(9564, 11.99, 'Champion', 2003, '2020-01-15', 3552, 46401),
(9021, 24.99, 'Nike', 115, '2020-02-29', 3552, 46401),
(9250, 31.99, 'Adidas', 331, '2020-02-29', 3552, 46401),

(2501, 20.99, 'Adidas', 708, '2020-01-01', 3552, 46401),
(2121, 50.99, 'Vans', 328, '2020-04-20', 3552, 46401),
(2684, 31.99, 'Nike', 331, '2020-02-29', 3552, 46401),
(2356, 50.99, 'Vans', 328, '2020-04-20', 3552, 46401),
(2341, 20.99, 'Converse', 500, '2020-03-29', 3552, 46401),

(8885, 80.99, 'Polo', 121, '2020-04-01', 3552, 46401),
(8905, 20.99, 'Adidas', 708, '2020-01-01', 3552, 46401),
(8342, 31.99, 'Nike', 331, '2020-02-29', 3552, 46401),
(8954, 50.99, 'Vans', 328, '2020-04-20', 3552, 46401),
(8881, 20.99, 'Kirkland', 500, '2020-03-29', 3552, 46401);

INSERT INTO `Transaction` (sessionID, transTotal, cart, transCardNumber)
VALUES 
(46401, 20.99, 'kirkland jeans slim 30', '1234123412341234'),
(23546, 50.99, 'vans shoes skate 12', '3597645213259960'),
(86765, 80.99, 'polo jacket 8', '1120556022017850'),
(45682, 56.98, 'nike shirt 10, nike shirt 18', '4405686098735542'),
(12389, 20.99, 'adidas shoes running 10', '4568865412355321'),
(43893, 20.99, 'kirkland jeans slim 28', '3556116034720249'),
(78931, 50.99, 'vans shoes skate 12', '7375031818144227'),
(45386, 80.99, 'polo jacket 8', '6211494133600995'),
(12345, 56.98, 'nike shirt 10, nike shirt 18', '8173308276952544'),
(46528, 20.99, 'adidas shoes running 10', '5894259212298377'),
(54682, 20.99, 'kirkland jeans slim 30', '4616743678656876'),
(46586, 50.99, 'converse shoes skate 12', '7573648277546174'),
(34863, 80.99, 'polo jacket 8', '4394612314227102'),
(87689, 56.98, 'nike shirt 10, nike shirt 18', '4788442535121293'),
(99865, 20.99, 'adidas shoes running 10', '5881209936452502'),
(33564, 20.99, 'kirkland jeans slim 33', '7624010570138794'),
(11256, 50.99, 'vans shoes skate 12', '2103102058392200'),
(77865, 80.99, 'polo jacket 8', '6173429648358700'),
(66548, 56.98, 'patagonia shirt 10, nike shirt 18', '4219425374884034'),
(99876, 20.99, 'adidas shoes running 10', '7304671268019342'),
(46653, 20.99, 'kirkland jeans slim 40', '7395475357260415'),
(87653, 50.99, 'vans shoes skate 12', '8451058781157907'),
(48965, 80.99, 'polo jacket 8', '4726221570367521'),
(33051, 56.98, 'nike shirt 10, nike shirt 18', '3061215439879026'),
(50315, 20.99, 'adidas shoes running 10', '1522223918207664'),
(98065, 20.99, 'kirkland jeans slim 30', '2078331421010717'),
(00023, 50.99, 'vans shoes skate 12', '6438195653854081'),
(87906, 80.99, 'polo jacket 8', '9585614130249964'),
(10000, 56.98, 'nike shirt 10, nike shirt 18', '7795856148921247'),
(65895, 20.99, 'adidas shoes running 10', '8797468264224616'),
(30201, 20.99, 'kirkland jeans slim 40', '9683012893713660'),
(01020, 50.99, 'converse shoes skate 12', '5595188019720322'),
(95857, 80.99, 'polo jacket 8', '9728032669966272'),
(53521, 56.98, 'nike shirt 10, nike shirt 18', '6266457429700787'),
(64597, 20.99, 'adidas shoes running 10', '1334475856701476'),
(97979, 20.99, 'kirkland jeans slim 30', '3602311991831630'),
(85858, 50.99, 'vans shoes skate 12', '8448234830903100'),
(52552, 80.99, 'polo jacket 8', '9078291803896792'),
(05468, 56.98, 'patagonia shirt 10, nike shirt 18', '7581508272159150'),
(64320, 20.99, 'adidas shoes running 10', '8545036618872857'),
(05168, 20.99, 'kirkland jeans slim 30', '5051948464814377'),
(98466, 50.99, 'vans shoes skate 12', '2826516857523068'),
(45632, 80.99, 'polo jacket 8', '5712725720007964'),
(98765, 56.98, 'adidas shirt 10, nike shirt 18', '3614449027505791'),
(76538, 20.99, 'adidas shoes running 10', '9091024206844012'),
(65925, 20.99, 'kirkland jeans slim 28', '7038347962155525'),
(55439, 50.99, 'vans shoes skate 12', '6314615495365970'),
(45366, 80.99, 'polo jacket 8', '5012512222049681'),
(33333, 56.98, 'patagonia shirt 10, nike shirt 18', '2449324898546086');

INSERT INTO `Order` (orderID, orderTotal, sentDate, orSessionID, orTrackingNumber)
VALUES 
(200, 24.47, '2020-04-01', 46401, 9000),
(765, 54.68, '2020-04-20', 23546, 5452),
(433, 89.87, '2020-04-15', 86765, 1236),
(455, 60.12, '2020-03-30', 45682, 7284),
(982, 25.58, '2020-04-04', 12389, 9185);

INSERT INTO `Shipping` (trackingNumber, shippedDate, currentLocation, shipInventoryID, processDate)
VALUES 
(9000, '2020-04-07', 'Delivered', 3552, '2020-04-02'),
(5452, '2020-04-23', 'Dallas, Texas', 3552, '2020-04-21'),
(1236, '2020-04-18', 'Atlanta, Goergia', 3552, '2020-04-16'),
(7284, '2020-04-03', 'Delivered', 3552, '2020-03-31'),
(9185, '2020-04-10', 'Delivered', 3552, '2020-04-05'),
(1111, '2020-04-07', 'Delivered', 3552, '2020-04-02'),
(2222, '2020-04-23', 'Dallas, Texas', 3552, '2020-04-21'),
(3333, '2020-04-18', 'Atlanta, Goergia', 3552, '2020-04-16'),
(4444, '2020-04-03', 'Delivered', 3552, '2020-03-31'),
(5555, '2020-04-10', 'Delivered', 3552, '2020-04-05'),
(6666, '2020-04-07', 'Delivered', 3552, '2020-04-02'),
(7777, '2020-04-23', 'Dallas, Texas', 3552, '2020-04-21'),
(8888, '2020-04-18', 'Atlanta, Goergia', 3552, '2020-04-16'),
(9999, '2020-04-03', 'Delivered', 3552, '2020-03-31'),
(0101, '2020-04-10', 'Delivered', 3552, '2020-04-05'),
(0202, '2020-04-07', 'Delivered', 3552, '2020-04-02'),
(0303, '2020-04-23', 'Dallas, Texas', 3552, '2020-04-21'),
(0404, '2020-04-18', 'Atlanta, Goergia', 3552, '2020-04-16'),
(0505, '2020-04-03', 'Delivered', 3552, '2020-03-31'),
(0606, '2020-04-10', 'Delivered', 3552, '2020-04-05'),
(0707, '2020-04-07', 'Delivered', 3552, '2020-04-02'),
(0808, '2020-04-23', 'Dallas, Texas', 3552, '2020-04-21'),
(0909, '2020-04-18', 'Atlanta, Goergia', 3552, '2020-04-16'),
(1010, '2020-04-03', 'Delivered', 3552, '2020-03-31'),
(2020, '2020-04-10', 'Delivered', 3552, '2020-04-05'),
(3030, '2020-04-07', 'Delivered', 3552, '2020-04-02'),
(4040, '2020-04-23', 'Dallas, Texas', 3552, '2020-04-21'),
(5050, '2020-04-18', 'Atlanta, Goergia', 3552, '2020-04-16'),
(6060, '2020-04-03', 'Delivered', 3552, '2020-03-31'),
(7070, '2020-04-10', 'Delivered', 3552, '2020-04-05'),
(8080, '2020-04-07', 'Delivered', 3552, '2020-04-02'),
(9090, '2020-04-23', 'Dallas, Texas', 3552, '2020-04-21'),
(7536, '2020-04-18', 'Atlanta, Goergia', 3552, '2020-04-16'),
(6873, '2020-04-03', 'Delivered', 3552, '2020-03-31'),
(4523, '2020-04-10', 'Delivered', 3552, '2020-04-05'),
(1230, '2020-04-07', 'Delivered', 3552, '2020-04-02'),
(7837, '2020-04-23', 'Dallas, Texas', 3552, '2020-04-21'),
(9696, '2020-04-18', 'Atlanta, Goergia', 3552, '2020-04-16'),
(5858, '2020-04-03', 'Delivered', 3552, '2020-03-31'),
(7474, '2020-04-10', 'Delivered', 3552, '2020-04-05'),
(3636, '2020-04-07', 'Delivered', 3552, '2020-04-02'),
(5252, '2020-04-23', 'Dallas, Texas', 3552, '2020-04-21'),
(1414, '2020-04-18', 'Atlanta, Goergia', 3552, '2020-04-16'),
(0173, '2020-04-03', 'Delivered', 3552, '2020-03-31'),
(5342, '2020-04-10', 'Delivered', 3552, '2020-04-05'),
(3355, '2020-04-07', 'Delivered', 3552, '2020-04-02'),
(7755, '2020-04-23', 'Dallas, Texas', 3552, '2020-04-21'),
(4466, '2020-04-18', 'Atlanta, Goergia', 3552, '2020-04-16'),
(8822, '2020-04-03', 'Delivered', 3552, '2020-03-31'),
(7391, '2020-04-10', 'Delivered', 3552, '2020-04-05');

INSERT INTO `Inventory` (inventoryID, inventoryInvoice, totalInventory)
VALUES 
(3552, 'shoes, 3000', 20000),
(7892, 'tshirts, 8000', 43000),
(4562, 'jackets, 4000', 2000),
(7822, 'pants, 7000', 2100);

INSERT INTO `Manufacturer` ( manufacturerInvoice, manInventoryID, supplyDate )
VALUES 
('Nike', 3552, '2019-12-25'),
('Adidas', 7892, '2019-10-30'),
('Champion', 4562, '2019-11-10'),
('Vans', 7822, '2019-11-25'),
('Polo', 4562, '2019-12-25'),
('Converse', 3552, '2020-02-02'),
('Patagonia', 7892, '2020-02-02');

INSERT INTO `Pants` (pantsSN, pantsSize, pantsCut)
VALUES 
(0001, 30, 'slim'),
(0896, 30, 'bootcut'),
(0754, 30, 'skinny'),
(0687, 30, 'slacks'),
(0785, 30, 'skinny');

INSERT INTO `Shoes` (shoesSN, shoeSize, shoeStyle)
VALUES 
(2121, 12, 'skate'),
(2501, 10, 'running'),
(2684, 12, 'formal'),
(2356, 12, 'hiking'),
(2341, 12, 'sneakers');

INSERT INTO `Tshirt` (tshirtSN, shirtSize)
VALUES 
(9050, 10),
(9250, 18),
(9120, 14),
(9564, 8),
(9021, 16);

INSERT INTO `Jacket` (jacketSN, jacketSize)
VALUES 
(8885, 8),
(8905, 10),
(8342, 12),
(8954, 4),
(8881, 8);

INSERT INTO `PicksOut` (pickSerialNumber, pickUsername, amountPicked)
VALUES 
(0001, 'kschlaak1', 1),
(9050, 'wsanders7', 1),
(9250, 'wsanders7', 1),
(2501, 'sparker2', 1),
(2121, 'wpark5', 1),
(8885, 'fvelasco1', 1),
(8881, 'slip', 2),
(9187, 'demure', 1),
(4846, 'elcomase', 3),
(2121, 'opichile', 1),
(1212, 'solmanta', 1),
(3232, 'ogrusber', 2),
(2323, 'uncerbri', 1),
(6363, 'tindaidg', 1),
(3636, 'rdeblorg', 1),
(5252, 'nsomphow', 1),
(2525, 'tairezel', 2),
(0101, 'rgusiver', 1),
(1010, 'ruiscalo', 1),
(6969, 'inuticio', 2),
(9696, 'andianga', 3),
(9898, 'rchrelue', 1),
(8989, 'nericabi', 1),
(8787, 'eliteros', 1),
(7878, 'iretraft', 1),
(8585, 'usalphom', 2),
(5858, 'aliverwe', 3),
(7878, 'hentiout', 1),
(8787, 'hinsicke', 2),
(6464, 'rtsemind', 1),
(4646, 'browenal', 1),
(8282, 'steritab', 2),
(9317, 'icniumen', 3),
(2828, 'tropolyp', 1),
(8921, 'ultincom', 1),
(7463, 'andarted', 1),
(1469, 'inornefa', 1),
(2001, 'eiscarne', 1),
(2002, 'ranerspe', 2),
(2003, 'inarconj', 3),
(2004, 'mackylau', 2),
(2006, 'romalong', 2),
(6007, 'onatempl', 1),
(6008, 'efloustr', 1),
(6009, 'spandyad', 1),
(5019, 'venhaphe', 2),
(5020, 'liversdr', 2),
(1001, 'thimblim', 1),
(1002, 'chagenth', 2),
(1003, 'isceudia', 1),
(1004, 'ncermori', 1);


INSERT INTO `ShippingAddress` (username, shStreetNumber, shStreetName, shCity, shState, shZip)
VALUES 
('kschlaak1', 2255, 'Peachtree Road', 'Atlanta', 'Georgia', 30319),
('wpark5', 237, 'Piedmont Road', 'Atlanta', 'Georgia', 30304),
('fvelasco1', 123, 'New Avenue', 'Miami', 'Florida', 43213),
('wsanders7', 789, 'Long Road', 'Sacramento', 'California', 78213),
('sparker2', 4522, '12th Street', 'Boston', 'Massachusetts', 60160),
('demure', 45, '15th Avenue', 'New York City', 'New York', 45824),
('slip', 78, 'Liberty St', 'Westland', 'MI', 48185),
('elcomase', 818, 'Sheffield Road', 'Bedford', 'OH', 44146),
('opichile', 68, 'Surrey Street', 'Milford', 'MA', 01757),
('solmanta', 515, 'Winchester Ave', 'Carlisle', 'PA', 17013),
('ogrusber', 521, 'Fifth Rd', 'Orland Park', 'IL', 60462),
('uncerbri', 43, 'Livingston Street', 'Queensbury', 'NY', 12804),
('tindaidg', 855, 'Willow Avenue', 'Rochester', 'NY', 14606),
('rdeblorg', 5, 'Canal Court', 'Londonderry', 'NH', 03053),
('nsomphow', 245, 'Sage Drive', 'Howell', 'NJ', 07731),
('tairezel', 4531, 'Sage Drive', 'Decatur', 'PA', 18360),
('rgusiver', 32, 'Jockey Hollow Drive', 'Greenville', 'GA', 30030),
('ruiscalo', 7351, 'Reachtree Road', 'Allison Park', 'NC', 27834),
('inuticio', 235, 'Hilltop Drive', 'Hamden', 'PA', 15101),
('andianga', 1535, 'Court Circle', 'Crystal Lake', 'CT', 06514),
('rchrelue', 351, 'Meadowbrook Court', 'Centreville', 'IL', 60014),
('nericabi', 2356, 'Lake Forest Lane', 'New Park', 'VA', 20120),
('eliteros', 5341, 'Thomas Court', 'Fairburn', 'GA', 30213),
('iretraft', 5348, 'George St', 'Fort Worth', 'TX', 76110),
('usalphom', 531, 'Corona Street', 'Decatur', 'WI', 54115),
('aliverwe', 3548, 'Mayfield Street', 'Hamden', 'MI', 49341),
('hentiout', 4531, 'Devon Street', 'Crystal Lake', 'IL', 61821),
('hinsicke', 5345, 'Birchwood Street', 'Centreville', 'FL', 32404),
('rtsemind', 4531, 'Lakewood Avenue', 'Panama City', 'FL', 33510),
('browenal', 3531, 'Reachtree Road', 'Fairburn', 'GA', 30809),
('steritab', 53, 'Homewood Street', 'Brandon', 'IN', 46375),
('icniumen', 142, 'Bowman Street', 'Evans', 'IL', 60187),
('tropolyp', 543, 'Dogwood St', 'Schererville', 'NJ', 07501),
('ultincom', 12, 'Wakehurst Street', 'Wheaton', 'DE', 19701),
('andarted', 1, 'Sage Street', 'Paterson', 'NC', 27205),
('inornefa', 3155, 'Penn Avenue', 'Paterson', 'CT', 06360),
('eiscarne', 5, 'Atlantic Lane', 'Asheboro', 'IA', 50265),
('ranerspe', 287, 'Country Club Road', 'Norwich', 'NE', 68107),
('inarconj', 9873, 'Woodland Court', 'West Des Moines', 'MN', 55014),
('mackylau', 37, 'Rockcrest Street', 'Circle Pines', 'PA', 15317),
('romalong', 127, 'Kent Street', 'Canonsburg', 'IN', 47302),
('onatempl', 452, 'Creek Court', 'Muncie', 'NH', 03054),
('efloustr', 52, 'Primrose Drive', 'Salt Lake City', 'UT', 84119),
('spandyad', 145, 'Elizabeth Street', 'Lexington', 'NC', 27292),
('venhaphe', 356, 'Wintergreen Street', 'Chattanooga', 'TN', 37421),
('liversdr', 2287, 'Thompson Drive', 'Hoboken', 'NJ', 07030),
('thimblim', 62, 'Homewood Road', 'Faribault', 'MN', 55021),
('chagenth', 852, 'Mulberry Drive', 'Mays Landing', 'NJ', 08330),
('isceudia', 752, 'North Ivy Avenue', 'Tacoma', 'WA', 98444),
('ncermori', 1755, 'North Sleepy Hollow Avenue', 'Redford', 'MI', 48239);


INSERT INTO `BillingAddress` (cardNumber, bStreetNumber, bStreetName, bCity, bState, bZip)
VALUES 
('1234123412341234', 2255, 'Peachtree Road', 'Atlanta', 'Georgia', 30319),
('3597645213259960', 237, 'Piedmont Road', 'Atlanta', 'Georgia', 30304),
('1120556022017850', 123, 'New Avenue', 'Miami', 'Florida', 43213),
('4405686098735542', 1644, 'Rainbow Road', 'Los Angeles', 'California', 90210),
('4568865412355321', 4522, '12th Street', 'Boston', 'Massachusetts', 60160),
('3556116034720249', 45, '15th Avenue', 'New York City', 'New York', 45824),
('7375031818144227', 78, 'Liberty St', 'Westland', 'MI', 48185),
('6211494133600995', 818, 'Sheffield Road', 'Bedford', 'OH', 44146),
('8173308276952544', 68, 'Surrey Street', 'Milford', 'MA', 01757),
('5894259212298377', 515, 'Winchester Ave', 'Carlisle', 'PA', 17013),
('4616743678656876', 521, 'Fifth Rd', 'Orland Park', 'IL', 60462),
('7573648277546174', 43, 'Livingston Street', 'Queensbury', 'NY', 12804),
('4394612314227102', 855, 'Willow Avenue', 'Rochester', 'NY', 14606),
('4788442535121293', 5, 'Canal Court', 'Londonderry', 'NH', 03053),
('5881209936452502', 245, 'Sage Drive', 'Howell', 'NJ', 07731),
('7624010570138794', 4531, 'Sage Drive', 'Decatur', 'PA', 18360),
('2103102058392200', 32, 'Jockey Hollow Drive', 'Greenville', 'GA', 30030),
('6173429648358700', 7351, 'Windy Road', 'Allison Park', 'NC', 27834),
('4219425374884034', 235, 'Hilltop Drive', 'Hamden', 'PA', 15101),
('7304671268019342', 1535, 'Court Circle', 'Crystal Lake', 'CT', 06514),
('7395475357260415', 351, 'Meadowbrook Court', 'Centreville', 'IL', 60014),
('8451058781157907', 2356, 'Lake Forest Lane', 'New Park', 'VA', 20120),
('4726221570367521', 5341, 'Thomas Court', 'Fairburn', 'GA', 30213),
('3061215439879026', 5348, 'George St', 'Fort Worth', 'TX', 76110),
('1522223918207664', 531, 'Corona Street', 'Decatur', 'WI', 54115),
('2078331421010717', 3548, 'Mayfield Street', 'Hamden', 'MI', 49341),
('6438195653854081', 4531, 'Devon Street', 'Crystal Lake', 'IL', 61821),
('9585614130249964', 5345, 'Birchwood Street', 'Centreville', 'FL', 32404),
('7795856148921247', 4531, 'Lakewood Avenue', 'Panama City', 'FL', 33510),
('8797468264224616', 3531, 'Brown Road', 'Fairburn', 'GA', 30809),
('5586167397776071', 53, 'Homewood Street', 'Brandon', 'IN', 46375),
('9683012893713660', 142, 'Bowman Street', 'Evans', 'IL', 60187),
('5595188019720322', 543, 'Dogwood St', 'Schererville', 'NJ', 07501),
('9728032669966272', 12, 'Wakehurst Street', 'Wheaton', 'DE', 19701),
('6266457429700787', 1, 'Sage Street', 'Paterson', 'NC', 27205),
('1334475856701476', 3155, 'Penn Avenue', 'Paterson', 'CT', 06360),
('3602311991831630', 5, 'Atlantic Lane', 'Asheboro', 'IA', 50265),
('8448234830903100', 287, 'Country Club Road', 'Norwich', 'NE', 68107),
('9078291803896792', 9873, 'Woodland Court', 'West Des Moines', 'MN', 55014),
('7581508272159150', 37, 'Rockcrest Street', 'Circle Pines', 'PA', 15317),
('8545036618872857', 127, 'Kent Street', 'Canonsburg', 'IN', 47302),
('5051948464814377', 452, 'Creek Court', 'Muncie', 'NH', 03054),
('2826516857523068', 52, 'Primrose Drive', 'Salt Lake City', 'UT', 84119),
('5712725720007964', 145, 'Elizabeth Street', 'Lexington', 'NC', 27292),
('3614449027505791', 356, 'Wintergreen Street', 'Chattanooga', 'TN', 37421),
('9091024206844012', 2287, 'Thompson Drive', 'Hoboken', 'NJ', 07030),
('7038347962155525', 62, 'Homewood Road', 'Faribault', 'MN', 55021),
('6314615495365970', 852, 'Mulberry Drive', 'Mays Landing', 'NJ', 08330),
('5012512222049681', 752, 'North Ivy Avenue', 'Tacoma', 'WA', 98444),
('2449324898546086', 1755, 'North Sleepy Hollow Avenue', 'Redford', 'MI', 48239);


INSERT INTO `WareHouseAddress` (trackingNumber, whStreetNumber, whStreetName, whCity, whState, whZip)
VALUES 
(9000, 3171, 'District Avenue', 'Charlottesville', 'Virginia', 23235),
(5452, 2277, 'District Avenue', 'Kansas City', 'Missouri', 35414),
(1236, 3682, 'Southern Road', 'Austin', 'Texas', 49865),
(7284, 4512, 'Industrial Avenue', 'Stanford', 'Connecticut', 23235),
(9185, 4512, 'Industrial Avenue', 'Stanford', 'Connecticut', 23235);